[
  {
    "name": "mqttserver",
    "type": "ACInput",
    "value": "mqtt3.thingspeak.com"
  },
  {
    "name": "apikey",
    "type": "ACInput",
    "value": "NRTFYGJ6TJFGX4RC"
  },
  {
    "name": "channelid",
    "type": "ACInput",
    "value": "454951"
  },
  {
    "name": "writekey",
    "type": "ACInput",
    "value": "HBVQ2XV6VYBI4582"
  },
  {
    "name": "clientid",
    "type": "ACInput",
    "value": "DS8KNQQqJQscMAE3Fwc1PAc"
  },
  {
    "name": "username",
    "type": "ACInput",
    "value": "DS8KNQQqJQscMAE3Fwc1PAc"
  },
  {
    "name": "password",
    "type": "ACInput",
    "value": "AgCbClLitxmgK39ApBfUuVxY"
  },
  {
    "name": "period",
    "type": "ACRadio",
    "checked": 1
  }
]
